userid,username,firstname,lastname,city,state,email
1,JSG99FHE,Rafael,Taylor,Kent,WA,Etiam.laoreet.libero@sodalesMaurisblandit.edu
33,PFD07GEF,Shafira,Glenn,Starkville,WA,at@Duis.com
127,JAQ37EUX,Guy,Holloway,Hope,WA,aptent.taciti@scelerisqueduiSuspendisse.com
381,INE45CIR,Kimberley,Peters,Batavia,WA,nec@Maurisblandit.org
777,YAZ64PIL,Lenore,Serrano,Flagstaff,WA,felis.purus.ac@nec.ca
787,VER43BSC,Amity,Marks,Walnut,WA,ut.sem@nuncest.org
800,GEZ74IKH,Graham,Mcfarland,Cheyenne,WA,In.ornare@nonummyacfeugiat.edu
1107,JSC53YST,Nehru,Zimmerman,St. George,WA,dictum@vestibulum.ca
1166,PDB44CZA,Castor,Gonzales,Flint,WA,eu@risus.org
1293,PJD55AGI,Inga,Hanson,Burbank,WA,interdum@Quisque.com
1311,JCT92GWI,Samson,Alexander,La Crosse,WA,hendrerit.neque@indolorFusce.ca
1350,FVM23FIW,Fitzgerald,Burgess,Batavia,WA,placerat@laoreet.edu
1369,AAK59WWX,Warren,Glenn,Laguna Niguel,WA,a@acfeugiat.edu
1446,QMO80IOJ,Cooper,Taylor,Eden Prairie,WA,Mauris@nasceturridiculusmus.ca
1588,GQF31BDU,Damian,Eaton,Anaheim,WA,vulputate.ullamcorper@quislectusNullam.edu
1606,GHQ76AIV,Addison,Owens,Villa Park,WA,accumsan.interdum.libero@odioEtiam.edu
1634,KLB18SFA,Tallulah,Valenzuela,Dunkirk,WA,vehicula.et.rutrum@dictumPhasellusin.edu
1670,URW07DFB,Latifah,Rivers,Hidden Hills,WA,et.malesuada.fames@tinciduntorciquis.com
1680,XBG94WQP,Nevada,Lopez,Monrovia,WA,Maecenas.malesuada.fringilla@antedictummi.ca
1836,PTN28VUY,Ebony,Fuentes,La Habra,WA,risus.Morbi@egestasAliquamfringilla.edu
1933,MSN92WYF,Jakeem,Estrada,Agat,WA,Quisque.tincidunt.pede@sociisnatoque.ca
1945,MAA04CMN,Cyrus,Jennings,Normal,WA,Integer.aliquam@velitAliquam.com
1959,BWM70BKU,Yetta,Anthony,Titusville,WA,enim.sit@risus.org
1973,WXC20XGZ,Kristen,Levine,Mount Pleasant,WA,vehicula@accumsanlaoreetipsum.org
2089,ILM23ZUO,Amy,Marshall,Mobile,WA,est.Nunc@luctusut.org
2134,LWJ31UVW,Derek,Hale,Glendale,WA,ornare.In.faucibus@eros.com
2303,FLL73RUO,Phelan,Trujillo,Port Jervis,WA,nulla.magna.malesuada@InloremDonec.org
2513,QCU90IPW,Marshall,Gilbert,South Bend,WA,libero.Integer@semeget.ca
2665,JHE10BLC,Darrel,Gamble,Cypress,WA,arcu@atauctorullamcorper.edu
2707,XBP04ETG,Kelsie,Huffman,Pittston,WA,porttitor.tellus@eu.ca
2715,PND22SXT,Yuli,Nash,Brooklyn Park,WA,lorem@Aliquam.ca
2746,RMO55THT,Lavinia,Knowles,Florence,WA,amet@liberoInteger.com
2779,GLN73RCF,Amaya,Alvarado,Palm Springs,WA,dui.nec.tempus@eudui.edu
2953,XIZ25AIT,Hilda,Cline,Rancho Cordova,WA,pharetra@ideratEtiam.org
2992,YFI34JEA,Ivan,Velez,Manassas,WA,tellus@augueacipsum.com
3039,COP42BEG,Mark,Irwin,New York,WA,blandit.mattis.Cras@montesnascetur.ca
3136,FOA23COA,Clark,Juarez,Fall River,WA,nunc@risusNullaeget.ca
3214,OJM07WRR,Delilah,Petersen,Beacon,WA,egestas@nonmagnaNam.com
3331,ALS58LAT,Ashely,Rasmussen,Plantation,WA,Quisque.tincidunt.pede@nuncnulla.org
3354,NUI35QIY,Ezekiel,Hurley,West Sacramento,WA,nunc@nunc.edu
3663,PTK66KTT,Martin,Gibson,Cambridge,WA,ad.litora.torquent@parturientmontesnascetur.com
3698,PXM43IXL,Louis,Cooper,Jenks,WA,faucibus.id.libero@luctuset.edu
3814,HBL91PYJ,Alice,Rowe,Joplin,WA,eu.ultrices.sit@imperdietnon.ca
3878,IMW64EWE,Illana,Donovan,Crown Point,WA,metus.In.nec@eleifend.ca
3901,QVN80CIY,Demetrius,David,Lufkin,WA,Praesent@semNullainterdum.com
4020,DIP47APC,Hedy,Horne,Oil City,WA,Nulla.facilisis@ultriciesligulaNullam.ca
4186,LFX78HFX,Cassady,Richards,Fond du Lac,WA,non.lacinia@non.com
4213,JLG91SJJ,Chaim,Lambert,Abilene,WA,Morbi@et.com
4259,DDH44FQT,Lana,Haney,Tamuning,WA,sit.amet@Integerinmagna.org
4266,UQQ60DIK,Shaine,Fuller,Tacoma,WA,velit.Cras.lorem@eget.edu
4370,OYM15DWN,Ryder,Ryan,Tucson,WA,lacus@vitae.org
4460,BHM15NHN,Kiara,Duncan,Auburn,WA,elit@justo.ca
4565,ZUY07KDG,Myra,Morales,Mason City,WA,cursus@massaVestibulumaccumsan.ca
4815,XSC63WZL,James,Farmer,Port Orford,WA,vestibulum.neque@enim.org
4818,ETQ00UTN,Edan,Simpson,Eufaula,WA,leo@eu.ca
4915,RUV20YRF,Jared,Jacobs,Baldwin Park,WA,consectetuer@posuerevulputate.com
4938,HLI47PVV,Mia,Harrell,San Bernardino,WA,nonummy.ultricies.ornare@tellusnon.com
5015,PXJ84XUA,Simon,Buck,Hilo,WA,lorem@volutpatNulladignissim.org
5056,BVZ86HZS,Marsden,Mendoza,Battle Creek,WA,libero@Nuncmauriselit.org
5140,KXV87OPZ,Wyatt,Banks,Sonoma,WA,sem@mifelis.edu
5412,VHE56YPP,Murphy,Owen,Las Cruces,WA,odio.Aliquam@atlacus.org
5516,AWH47RMV,Vera,Roy,Palmdale,WA,congue@ametdiameu.ca
5884,SNK84KWV,Ebony,Moore,Dixon,WA,eleifend.vitae@sociosquad.ca
6135,TKV16OOL,Ross,Burns,McAlester,WA,mus.Proin.vel@vitaemauris.ca
6342,SHF63TYT,Belle,Poole,Oneonta,WA,augue.malesuada.malesuada@imperdietnonvestibulum.org
6373,JVH31QJF,Aristotle,Long,Escondido,WA,neque.tellus.imperdiet@adui.edu
6549,XQO82QXM,Theodore,Burks,Batavia,WA,euismod@nibh.org
6556,WVG80ZTP,Cecilia,Byrd,Walnut,WA,a@Donecconsectetuermauris.com
6592,INC09XCZ,Zephania,Madden,Citrus Heights,WA,id@amet.ca
6703,LLJ43PBJ,Noel,Lowery,Lower Burrell,WA,amet.lorem.semper@pharetraQuisque.com
6759,JPV42GIR,Summer,Stephens,Miami,WA,ligula.elit.pretium@utcursusluctus.org
6950,ZHC91SPS,Seth,Frazier,Waukegan,WA,nascetur.ridiculus@mattisInteger.org
6987,QKX64NLL,Blake,Salazar,Durant,WA,orci@auguescelerisque.ca
7041,FCO09YLB,Knox,Hendricks,Lima,WA,bibendum.ullamcorper@odio.com
7094,EIV46ZZF,Erin,Cummings,Beverly,WA,mollis.vitae.posuere@adipiscing.ca
7097,HHG60USZ,Channing,Bryant,Valdosta,WA,Donec.dignissim.magna@lacusCras.edu
7180,PIL18HEK,Casey,Bonner,Del Rio,WA,orci.Ut@dui.edu
7198,XVE63KJC,Nyssa,Moon,La Puente,WA,Nulla@iaculis.org
7233,KTC87JEA,Candace,Harmon,Charleston,WA,In.mi.pede@Nullam.com
7259,PZU25WJU,Harriet,Barry,Ventura,WA,ut.sem.Nulla@mattisCraseget.com
7487,MLN28LJZ,Nichole,Cook,Sharon,WA,libero.dui.nec@libero.com
7501,CNC04CTX,Roth,Travis,Biddeford,WA,venenatis.a@Donecvitae.ca
7531,WLL47VVF,Hillary,Wells,Catskill,WA,eget@consectetuer.ca
7546,OMO06FHL,Sonya,Hatfield,Monterey Park,WA,porta.elit.a@Duis.edu
7618,FQA86DTS,Talon,Reilly,Danville,WA,eget.volutpat.ornare@nonummyFuscefermentum.com
7629,VAZ11QAY,Cailin,Mccoy,Plainfield,WA,volutpat.Nulla.facilisis@fermentumrisus.org
7650,KFU82ORG,Clayton,Murphy,Nichols Hills,WA,nisi.Cum@risusat.org
7778,OFN82QTC,Caldwell,Acevedo,Hudson,WA,Nunc.sollicitudin@Duisac.ca
7883,WGX97BWV,Aspen,James,Troy,WA,Aliquam.ornare@sitamet.ca
7919,GLW50MNJ,Wynne,Odonnell,West Allis,WA,pede.Praesent@condimentumDonecat.edu
7929,JFF49MZB,Patricia,Cantrell,Beaver Falls,WA,nunc.sed@Mauris.org
8003,IJF96WQW,Eagan,Talley,Fairfield,WA,erat.Etiam.vestibulum@gravidamauris.com
8021,DTQ32QNE,Chantale,Bailey,Port Huron,WA,lacus.vestibulum@aaliquet.com
8065,AZV60ILF,Orlando,Wynn,Mount Vernon,WA,egestas.lacinia@Maecenas.ca
8171,ZUP52QBK,Maryam,Nunez,Miami Beach,WA,Nullam.enim@egetlaoreet.ca
8308,EOJ98WQX,Ima,Bender,Parma,WA,Proin@mollisduiin.com
8325,OYO94FCW,Aphrodite,Acevedo,Riverside,WA,imperdiet@adlitora.org
8385,LHI47KSM,Kareem,Stark,Vallejo,WA,mus@semutcursus.com
8386,XVH73VIJ,Rooney,Hensley,Huntington Beach,WA,egestas.blandit.Nam@idrisusquis.org
8579,AYX04OYO,Amir,Hood,Fulton,WA,Cras.lorem.lorem@nullaIntincidunt.com
8635,ARC97RZM,Hayley,Moss,Covina,WA,Duis@feugiatSed.com
8792,IQY61DWP,Harlan,Combs,Jordan Valley,WA,sed.dolor@sedpede.ca
9085,YSA10ZUV,Noelani,Hancock,Poughkeepsie,WA,litora@Class.edu
9406,ZLN79DCW,Joy,Cleveland,Montebello,WA,Vestibulum@Quisquenonummyipsum.ca
9490,QWY30AHK,Justina,Herman,Alexandria,WA,varius@euismodac.org
9553,WML74AUB,Megan,Singleton,Torrington,WA,in.consequat.enim@atiaculis.org
9562,EYO50VXX,Tashya,Hood,Moraga,WA,posuere@lobortisquis.ca
9676,JGI31LFF,Tucker,Sosa,Nevada City,WA,tempus@Aliquamauctorvelit.org
9777,LCF16PZK,Mohammad,Henson,San Luis Obispo,WA,faucibus.orci.luctus@velarcuCurabitur.ca
10029,SYM39DFX,Melodie,Mckenzie,Port St. Lucie,WA,et.magnis@Integeraliquamadipiscing.com
10153,CRH75QBS,Shad,Dorsey,West Memphis,WA,gravida@auctor.com
10378,QGT14KYJ,Kim,Kaufman,New Madrid,WA,mauris@sitametante.org
10413,HBK61ZLN,Jordan,Pollard,Newark,WA,nibh@semutcursus.com
10422,QBQ93XKS,Tashya,Stone,Tallahassee,WA,dolor.Quisque.tincidunt@porttitortellus.com
10628,KJI43BEL,Jana,Bray,Scottsdale,WA,ac.risus@dolorNullasemper.edu
10670,VPY04XOL,Hayes,Ross,New York,WA,montes.nascetur.ridiculus@sociisnatoquepenatibus.org
10688,VSK56HRU,Fay,Osborne,Long Beach,WA,sit@metusfacilisislorem.ca
10690,DQX20HRY,Shelby,Hahn,Brown Deer,WA,natoque.penatibus.et@Maurisvelturpis.org
10703,ZYV76CBX,Sara,Weber,Crown Point,WA,pellentesque@ligulaNullam.edu
10722,EDH08WXA,Macey,Melendez,Tamuning,WA,aliquet.vel@blandit.ca
10740,BVV60POI,Galena,Lloyd,Downey,WA,tellus.justo.sit@nuncinterdumfeugiat.edu
10991,KYZ97KRB,Nina,Terry,White Plains,WA,consequat.nec.mollis@Donecat.ca
11152,AYM32RFB,Quon,Mendoza,Garden Grove,WA,nulla@velit.edu
11179,AAB84BDY,Alana,Hart,Cedar City,WA,risus.odio@sociis.org
11193,WQT49DPS,Ezekiel,Crane,West Hollywood,WA,nulla.magna@Suspendisseacmetus.edu
11218,TFL37YNG,Boris,Ray,Woodruff,WA,ultricies@aliquet.org
11293,MBM67OKS,Christian,Lewis,Sunbury,WA,lobortis.quis.pede@iaculisaliquetdiam.ca
11337,WTD34VZC,Noelle,Richardson,Hialeah,WA,ipsum.dolor@Curae;.edu
11395,WIJ68KEL,Brynne,Cote,Wisconsin Dells,WA,risus.Nulla.eget@arcu.org
11474,KTP13BSI,Carson,Thornton,Eufaula,WA,eget.odio.Aliquam@iaculislacuspede.com
11762,VNB96HJJ,Victoria,Roberson,Palos Verdes Estates,WA,enim.mi.tempor@nonluctussit.edu
11821,WQF86OIQ,Daryl,Calhoun,Sioux City,WA,nibh.lacinia@vel.com
11989,HDL05THI,Brenden,Richards,Asheville,WA,non.dapibus.rutrum@diam.edu
12031,GGT34XGN,Travis,Weaver,Rosemead,WA,enim.gravida.sit@Duisat.org
12191,CSX93WBY,Shelley,Cleveland,Schaumburg,WA,cubilia.Curae;@aliquetmetus.ca
12216,YDY79JDT,Camden,Stout,Glendale,WA,elit.fermentum.risus@sapienCras.org
12328,JWX89NDD,Damian,Tyson,Tonawanda,WA,metus@vulputate.ca
12741,VSQ44SFT,Jeremy,Simmons,Muskegon,WA,tincidunt.aliquam.arcu@lacusvestibulumlorem.ca
12752,QCM16SGQ,Vance,Wright,Sierra Madre,WA,Cum@ac.org
12804,ECG62NUJ,Gwendolyn,Higgins,Boulder City,WA,orci.Donec@Suspendissetristique.edu
12832,PGO77BLL,Melodie,Stafford,Long Beach,WA,luctus.sit.amet@dignissim.edu
12833,IWT66BCQ,Lyle,Crane,Bell Gardens,WA,magna.Phasellus@tincidunt.com
12844,GYB46IBC,Shelby,Mercer,Winston-Salem,WA,Aliquam.vulputate@sapiencursusin.org
12945,PBR67DCU,Garth,Burris,The Dalles,WA,ac.urna.Ut@inaliquet.org
13255,ELX02RIF,Joelle,Velazquez,Jeannette,WA,gravida.nunc@sodalesnisimagna.ca
13283,GAG24AVK,Kyra,Crawford,Costa Mesa,WA,ipsum.porta@pretium.org
13488,RKE51LQH,Adara,Jensen,Camden,WA,amet.consectetuer.adipiscing@ultricies.com
13611,CLS36ISP,Byron,Nicholson,Aspen,WA,iaculis.enim@pharetrased.edu
13961,MRR67KWX,Tiger,Dillon,Cedarburg,WA,id@magnisdis.edu
14036,GAV08MAS,Donna,Murray,Bowling Green,WA,risus.varius@etrisus.org
14084,UWF83JNC,Leo,Kirkland,Dallas,WA,sit@morbi.edu
14276,PBV40KST,Jenna,Lynn,Tulsa,WA,sodales.Mauris.blandit@amet.com
14320,GND70GSG,Dale,Sloan,Hanahan,WA,auctor.vitae.aliquet@tristiqueac.edu
14455,ECV36UJR,Alden,Bartlett,DuBois,WA,Curabitur@vehiculaPellentesque.edu
14859,AYX95DCC,Vera,Mcmahon,Jeannette,WA,ac.libero@metus.ca
14985,BEG30TEH,Christen,Hodges,Cruz Bay,WA,consectetuer@pharetranibh.com
15122,QOD31ANH,Ava,Pruitt,Passaic,WA,urna@vehicula.org
15175,OXB45RWC,Kyle,Barnes,Montpelier,WA,Curae;@aliquet.edu
15286,BNG57DNV,Nadine,English,Moorhead,WA,Donec@egestasrhoncus.org
15358,GYM97DCI,Veronica,Dominguez,Meriden,WA,molestie.tellus@mauris.edu
15494,SOC34LMM,Katell,Rivera,Leominster,WA,enim.Etiam.imperdiet@metuseuerat.com
15610,XSF01ALH,Aileen,Michael,Hampton,WA,in.consectetuer@sollicitudin.com
15626,UTC40LLT,Ainsley,Gibson,Sacramento,WA,vel@sitametultricies.edu
15644,VCH49IQU,Amy,Hyde,Huntington Park,WA,scelerisque.mollis.Phasellus@magnaNamligula.ca
15673,MNQ71EUZ,Macon,Harper,Kalispell,WA,Nunc@arcuCurabitur.org
15738,ZWV67XYT,Rudyard,Wheeler,Thomasville,WA,erat@Curabitur.ca
15744,GQD18KTR,Cruz,Carson,Tyler,WA,eu@vulputateeu.org
15875,ZXW91MDO,Peter,Meyer,Hollister,WA,leo.Cras.vehicula@urnaconvallis.org
15979,NTM44ECN,Coby,Fulton,Marquette,WA,Nam@mollis.ca
15995,TNG79WFK,Ivy,Holmes,Turlock,WA,vitae@mus.org
16013,WUZ61GWL,Quynn,Rich,Portland,WA,tempus.eu@Donecdignissimmagna.edu
16067,FRF71DBG,Reese,Hudson,Chula Vista,WA,eu.placerat@leoCras.org
16600,FKV25QRS,Helen,Foreman,Worland,WA,nulla@malesuada.edu
16601,ALP66QWH,Marah,Flowers,Davis,WA,pede.Cras.vulputate@Nullamfeugiat.com
16624,GSB74AOV,Dylan,Salazar,South Burlington,WA,risus.Nunc@loremeu.ca
16729,KDU13BFX,Beverly,Dotson,Monrovia,WA,scelerisque@elementumpurus.ca
17004,BWN35CMF,Gary,Horton,Pottsville,WA,vel.mauris.Integer@scelerisque.org
17033,CXP83TQV,Aurora,Lara,Chesapeake,WA,lacus.pede@neceuismod.edu
17045,DOK19HWP,Althea,Moses,Sedalia,WA,nonummy.ac@Crasinterdum.edu
17096,MKI78ELT,Justine,Donaldson,Youngstown,WA,Mauris.vestibulum.neque@sollicitudinamalesuada.edu
17186,MMZ07TNY,Ramona,Riddle,Rancho Cucamonga,WA,primis@lacusQuisque.edu
17301,KOP01ILN,Cody,Drake,Dothan,WA,magna.Lorem@cursusdiamat.edu
17415,JWE64BOM,Lydia,Donaldson,Steubenville,WA,aliquam@fringillaornare.ca
17517,OYS90TZK,Reese,Lawson,Lock Haven,WA,feugiat@ametconsectetuer.edu
17568,JXI48YOP,Dai,Merritt,La Verne,WA,mauris@Nam.org
17627,QAC15WUV,Emi,Martinez,Lawndale,WA,sed.orci@malesuada.com
17721,XOK93GDL,Violet,Arnold,Saint Louis,WA,ad.litora@at.com
17781,GYL18OHE,Tyrone,Glass,Benton Harbor,WA,erat.eget@Aliquamnecenim.ca
17794,WOY95UMM,Edan,Parrish,Palos Verdes Estates,WA,metus@tellus.edu
17967,WVY09THN,Tiger,Reese,Lakewood,WA,fringilla.euismod@nulla.com
17988,TSS90GDW,Hunter,Moore,Saratoga Springs,WA,Quisque@idenimCurabitur.org
18189,RXZ99PWZ,Daniel,Finley,Providence,WA,et.pede@vitaeeratVivamus.edu
18334,CPX41MPD,Colorado,Oliver,Franklin,WA,malesuada@vitaesemper.org
18657,ORQ16JSN,Ezra,Greene,South Burlington,WA,hendrerit@tincidunttempusrisus.org
18685,OMF00WFJ,Hillary,Craig,Poughkeepsie,WA,rhoncus.id@Suspendissetristique.ca
18722,HLM69EVO,Lev,Ellison,Asheville,WA,semper.Nam@rutrumnonhendrerit.ca
18826,DTH77WZI,Tarik,Collier,Plymouth,WA,sit.amet.nulla@Aliquam.ca
18828,GGM49EYT,Lisandra,Russo,Redondo Beach,WA,vel.mauris@euaugueporttitor.ca
18923,KRM36QXS,Cooper,Parrish,Bridgeport,WA,ultricies.dignissim@cursuspurusNullam.ca
19083,KYB09EDR,Channing,Guthrie,Lancaster,WA,eu.accumsan@euodio.edu
19167,SZZ86SAH,Elijah,Valencia,Bethlehem,WA,purus@ante.org
19230,SPY85MGZ,Tana,Mathis,Del Rio,WA,lorem@nuncacmattis.edu
19344,ZBV73BZT,Colton,Figueroa,Abilene,WA,non@non.com
19727,KAX84CJP,Bree,Shaw,Columbus,WA,Sed.congue@Suspendisse.org
19799,NVJ86ZVX,Garth,Frank,Palo Alto,WA,neque.In@maurisMorbinon.com
19818,TOW14MND,Regan,Pierce,West Haven,WA,convallis.convallis@lobortisClass.ca
19829,WCN85VFE,Kato,Mcgee,Santa Rosa,WA,convallis.erat.eget@sagittisaugue.org
19891,UTO83IDA,Giselle,Browning,East Lansing,WA,ipsum.cursus.vestibulum@nullaanteiaculis.ca
20280,AOA00HDD,Branden,Blackburn,Greenville,WA,Aliquam@sedleo.edu
20514,SEY66XKB,Daphne,Ellison,Georgetown,WA,Cras.dolor.dolor@tincidunttempusrisus.org
20607,ERK66VXS,Chelsea,Peterson,Huntington,WA,semper.Nam@sagittisDuisgravida.com
20631,XWQ66JHR,Ryan,Irwin,Escondido,WA,dapibus.id.blandit@cursusin.com
20678,TUO86DKP,Idola,Sexton,Pocatello,WA,dolor.elit.pellentesque@duiCras.ca
20918,XSC95BVE,Xandra,Nash,Nichols Hills,WA,in.consectetuer@estac.edu
21043,JZH58ZSQ,Remedios,Hodge,Albuquerque,WA,diam.lorem.auctor@diamnuncullamcorper.com
21231,UHK82RRU,Gray,Pruitt,Morgantown,WA,massa.Integer@tellus.org
21250,UNA26NCP,Zenia,Lott,Coatesville,WA,enim@afelisullamcorper.ca
21355,RSI19CJO,Sloane,Blair,Downey,WA,sapien.cursus@scelerisque.ca
21494,UBC49HZG,Jared,Hammond,Midland,WA,in.lobortis@nonmagnaNam.ca
21630,WIU54DWJ,Kieran,Vargas,Flagstaff,WA,pretium@tacitisociosqu.org
21718,SUC28COQ,Ursa,Martin,Cambridge,WA,egestas.a.dui@Aeneanegetmetus.edu
21738,HUA58HZO,Jarrod,Tate,New London,WA,Sed.congue.elit@lobortisauguescelerisque.com
21806,RTU98CTA,Audrey,Leblanc,Sioux Falls,WA,nec@lobortis.ca
21868,AZO41PSV,Denton,Burt,Fayetteville,WA,Cras.interdum.Nunc@quamelementum.edu
22018,HYH49JKB,Yoshi,Bender,Garland,WA,eu.turpis@Curabituregestas.com
22090,TGX22DBQ,Lester,Shelton,Manitowoc,WA,congue.turpis.In@ipsum.edu
22148,HQS68XKY,Evangeline,Cain,LaGrange,WA,at.auctor@idenimCurabitur.ca
22168,AHJ57OUZ,Mercedes,Oneal,Burbank,WA,eu@felisorci.edu
22247,OGZ52HLV,Grace,Stokes,Kettering,WA,a@Nam.ca
22321,KDL91MNE,Sawyer,Perez,Durant,WA,aliquet.sem.ut@amalesuada.com
22469,OOX16MJX,Bell,Hill,Bossier City,WA,risus.Donec@ipsumdolor.edu
22566,DQL75CCE,Clarke,Mills,Farmington,WA,Donec.est.mauris@Integer.org
22648,PPY63HKK,Erich,Mitchell,Hudson,WA,torquent.per@montesnascetur.org
22752,BRH34GZR,Hammett,Robinson,Easton,WA,Donec.tempor.est@dis.org
22761,TYC65TSS,Mariko,Eaton,Cairo,WA,mollis.dui.in@eu.com
23023,VIP91GZO,Otto,Dyer,Kennewick,WA,Cras.interdum@est.com
23332,QEV66WKB,Aileen,Dillon,Merced,WA,hymenaeos.Mauris.ut@euismod.com
23480,ICZ15GDB,Aubrey,Wilder,Hamilton,WA,sem.molestie@neccursus.org
23536,CUV77HDW,Gary,Berger,Henderson,WA,massa.Mauris.vestibulum@dolorFusce.ca
23583,ZKT83ORX,Helen,Burnett,Sunbury,WA,faucibus.leo.in@aliquamiaculis.org
23590,JSY74CVE,Jillian,Walter,Wisconsin Rapids,WA,eget@sollicitudinorci.org
23779,UFK66LDQ,Dean,Tucker,Raleigh,WA,Sed.neque@fringilla.org
23855,EXY45VGB,Macy,Cervantes,Evansville,WA,dolor.Nulla.semper@consectetueradipiscing.edu
23974,PAM23PFT,Warren,Blankenship,Bristol,WA,senectus.et.netus@mieleifend.com
24096,EET07QGB,Ruth,Decker,Pocatello,WA,erat@semper.org
24165,KAY90JMF,Basia,Wolf,Newark,WA,torquent.per@rhoncus.edu
24339,HRC68HBY,Liberty,Coleman,East Rutherford,WA,pharetra.ut.pharetra@Phasellusdapibus.ca
25008,RKF54FDE,Kirby,Campbell,Bay St. Louis,WA,dapibus.rutrum.justo@blanditviverraDonec.edu
25018,CYA27GAO,Drake,Douglas,Canandaigua,WA,Aenean.euismod.mauris@non.ca
25072,ESM03BPR,Mira,Figueroa,West Valley City,WA,tincidunt.Donec.vitae@velitAliquamnisl.ca
25261,FSO92KXJ,Destiny,Norman,Joliet,WA,amet.consectetuer@nunc.com
25312,QJC24YIK,Jana,Guy,Everett,WA,massa.lobortis.ultrices@Integer.org
25417,MPN97MHZ,Josiah,Medina,Glendale,WA,Donec.tempor.est@convallis.ca
25696,HVS07HCL,Destiny,Mathews,Wilkes-Barre,WA,inceptos.hymenaeos.Mauris@libero.org
25725,RBR48VXJ,Audrey,Mcknight,New Castle,WA,nec.eleifend.non@nonfeugiatnec.org
25775,WWU49CWI,Price,Whitehead,Westlake Village,WA,Ut.sagittis.lobortis@lacusNulla.com
25788,SGF85AHS,Kuame,Sweet,Somersworth,WA,egestas@Crasdolor.org
25876,WKY66MRL,Julian,King,Morgantown,WA,ac@Duis.edu
25889,YFP43YQO,Oren,Roth,East Hartford,WA,primis@Vivamusnon.org
26044,OYR45AIX,Ciaran,Holmes,Sitka,WA,mauris.sagittis.placerat@facilisisvitaeorci.com
26057,EGF48GSU,Ezra,Key,Monrovia,WA,ut.pellentesque@ornare.org
26077,TMS92YNK,Nayda,Rice,Alexandria,WA,in@diamProindolor.edu
26405,MJW44WVI,Camden,Kaufman,Lexington,WA,vehicula.Pellentesque.tincidunt@metussitamet.org
26530,RRJ87AMC,Orli,Perkins,Schenectady,WA,odio@Curabituregestas.ca
26593,JNA86ITB,Kaden,Robinson,Yakima,WA,auctor@loremtristique.org
26717,OGE86NRQ,Quamar,Ballard,Kalamazoo,WA,mauris.aliquam@fermentumrisusat.ca
26798,IVL56XZG,Ezekiel,Horton,Statesboro,WA,cursus.diam@pedeac.edu
26827,JKF46XSI,Karyn,Austin,Albany,WA,ipsum.primis.in@Maurisblanditenim.org
27084,BLR31BYD,Vivien,Peck,New Orleans,WA,blandit@egetlacus.org
27391,VWP37QXK,Jonah,Cobb,Sturgis,WA,mauris@etmagnis.edu
27865,AJT99EMM,Mason,Reese,Ruston,WA,lacus@dolor.org
27870,YUB48HHQ,Andrew,Burt,Covina,WA,Duis.dignissim.tempor@Nullam.edu
27932,NCI64XUI,Vera,Alvarez,San Fernando,WA,at.arcu.Vestibulum@pellentesque.edu
28140,GST61FXY,Zelda,Richardson,Passaic,WA,turpis.Nulla.aliquet@laciniaatiaculis.com
28230,MTJ07DXH,Orla,Sherman,Pine Bluff,WA,amet@risus.org
28318,TJW45GEV,Wynter,Stevens,Wichita Falls,WA,eu@consequatenimdiam.ca
28357,HCN16LQJ,Stacy,Park,Syracuse,WA,nulla@Crassedleo.ca
28464,BQU75NER,Madeson,Webb,Scottsbluff,WA,tortor.dictum.eu@erat.org
28922,GNS77DDT,Ursa,Flores,Jacksonville,WA,et@Duismi.org
29090,EAC98SIJ,Marny,Merrill,Schaumburg,WA,dolor@mi.ca
29231,FYU49VZT,Mechelle,Stuart,Norwich,WA,Nunc.mauris@Suspendissenon.com
29321,AIL09XQY,Quamar,Knowles,Laguna Hills,WA,Integer.mollis.Integer@rutrumjustoPraesent.org
29396,UFZ18MHY,Jason,Williams,Bend,WA,et.magna@pharetraNamac.com
29497,HFV80RXL,Elliott,Mosley,Huntington,WA,volutpat@Maurisnulla.org
29527,LSV03LSQ,John,Luna,Flagstaff,WA,leo@Proinvelnisl.edu
29646,HVO56OWA,Rowan,Mendoza,Marlborough,WA,Nullam.feugiat.placerat@infaucibusorci.org
29717,KZU22KKB,Jemima,Montoya,Newburgh,WA,eleifend.non.dapibus@turpisIn.ca
30043,OBI32IAY,Kamal,Aguilar,Mason City,WA,quis@vulputaterisusa.com
30094,UZD33YAL,Lane,Allen,Spokane Valley,WA,et.netus@risusDonec.org
30352,AIR26PRD,Mikayla,Woodward,North Tonawanda,WA,consectetuer.adipiscing@ipsum.com
30392,XYX96QKW,April,Wheeler,Ventura,WA,molestie.tellus@Etiam.com
30403,ESJ06QHC,Maxine,Cantrell,Lock Haven,WA,egestas@interdumenim.org
30513,PMC25BBN,Pearl,Hanson,Crown Point,WA,tincidunt.adipiscing.Mauris@atortor.edu
30716,AOJ48XHU,Destiny,Russo,Middlebury,WA,non@Curabitur.com
30902,KXG36VBO,Christian,Shannon,Santa Fe Springs,WA,ultrices.a.auctor@sodaleselit.ca
30909,NUF17UEP,Ima,Burris,Milford,WA,Curae;.Donec.tincidunt@Pellentesqueultricies.org
31020,FJD76MTG,Shafira,Mccormick,Miami Beach,WA,nec.metus@Nullam.org
31187,BQE73TCY,Kai,Morin,Austin,WA,quis@necluctusfelis.org
31252,MXO59YFM,Keaton,Banks,Moultrie,WA,est@augue.edu
31259,OPM79WIO,Philip,Henderson,Beverly Hills,WA,adipiscing@adipiscingnon.ca
31308,XXS36SFV,Inez,Underwood,Palm Springs,WA,et@vulputate.ca
31363,KIH76QJE,Quynn,Lopez,Chicago Heights,WA,Nulla@bibendumfermentummetus.com
31528,NWJ52GUA,Shannon,Saunders,Evansville,WA,lorem.fringilla@tinciduntDonec.ca
31559,MGC12RIP,Warren,Mercer,Avalon,WA,consequat@arcuimperdietullamcorper.edu
31959,YFY59FZE,acqueline,James,Amesbury,WA,mi.Duis.risus@neceleifendnon.edu
32025,RDX12XBU,Shellie,Elliott,Worcester,WA,eu.arcu.Morbi@Maecenas.edu
32098,XJT41MPV,Colin,Stout,Fontana,WA,mollis@pedesagittisaugue.edu
32263,VJU91NVW,Elliott,Valencia,Covina,WA,tellus.Nunc@afelis.edu
32293,TXK63OIJ,Lani,Weber,Memphis,WA,risus@diamlorem.edu
32329,UYZ67YXS,Kristen,Brewer,Davis,WA,scelerisque@ornareplaceratorci.org
32399,GHV37SWJ,Jared,Key,Ames,WA,Sed.molestie.Sed@adipiscingligulaAenean.edu
32512,VFZ97WQB,Mary,Burke,New London,WA,ac@Integer.edu
32646,LSI29GYJ,Byron,Gillespie,Sioux Falls,WA,morbi.tristique.senectus@eueleifendnec.edu
32672,HXF58UEM,Kristen,Eaton,East Hartford,WA,dapibus@Aliquamrutrumlorem.edu
32727,BVT75VYU,Lesley,Hicks,Gadsden,WA,diam.eu@vehicula.com
32918,RLA00ZFT,Marshall,Orr,Brea,WA,ut.eros@Cumsociisnatoque.org
33111,SNQ11FIV,Gisela,Silva,Vernon,WA,Mauris.molestie@mollisIntegertincidunt.ca
33127,KFB68TGD,Amir,Terry,West Lafayette,WA,turpis.egestas@ligula.org
33175,NFR96VAM,Aline,Hoover,North Las Vegas,WA,mollis.Phasellus@Quisquenonummyipsum.ca
33602,YGX89AVI,Walker,Haynes,Chino Hills,WA,ac.turpis.egestas@pedeSuspendisse.com
33707,VUH73JWD,Moana,Whitney,Tamuning,WA,ullamcorper@pede.edu
33716,VBM42SCL,Adara,Sheppard,Amesbury,WA,aliquam@afeugiat.ca
33783,BNX65NEX,Talon,Morse,Hermitage,WA,nunc.sed@amet.ca
33934,VZG80DCE,Jaden,Francis,Alhambra,WA,at.nisi@eleifend.org
33937,FIQ97VFW,Ishmael,Reeves,Reading,WA,sodales.at.velit@eleifend.org
34029,TZZ60GRE,George,Salinas,Williamsburg,WA,blandit.mattis.Cras@semper.org
34044,EWO25HYX,Nolan,Turner,Terre Haute,WA,lectus.Nullam@diamluctus.org
34119,ZUJ66ESC,Harper,Marsh,Biloxi,WA,malesuada.fames.ac@tempuslorem.org
34165,FFW67RLV,Regan,Bender,Bell Gardens,WA,Fusce@rhoncusDonecest.ca
34261,XUC19XYR,Chastity,Maxwell,Shreveport,WA,gravida.non@cursusdiamat.edu
34565,OTO63HKV,Hayes,Burris,Roseville,WA,volutpat.Nulla.facilisis@auctorvelit.com
34587,CLT17RNJ,Melvin,Lawrence,Pierre,WA,dolor@aliquet.com
34622,MNV28SMJ,Xander,Allison,Worcester,WA,ac.facilisis.facilisis@Infaucibus.com
34789,PZQ87GDR,Mechelle,Stanley,Garland,WA,auctor.vitae.aliquet@augue.edu
34864,TWX52OCE,Vivien,Griffith,Waterbury,WA,aliquet@Nunclaoreetlectus.ca
34877,BVS05XGR,Hammett,Hartman,Ventura,WA,luctus.sit@sitametultricies.org
35045,TCU76HXV,Irene,Hall,Chino,WA,magna.nec@felisegetvarius.ca
35403,NYL98AKE,Erich,Estrada,Phoenix,WA,a@necmollis.edu
35568,URB87WDF,Duncan,Nash,Tucson,WA,amet@Proin.org
35594,YNL62OHK,Griffith,Graves,Schenectady,WA,egestas.a@Suspendissealiquet.edu
35664,EGL70QSS,Ina,Santiago,Huntington,WA,leo@luctus.ca
35674,PHA25YLR,Cheyenne,Gentry,Compton,WA,at@magnaetipsum.com
35855,QSJ63FRD,Judith,Decker,Williston,WA,sem.eget.massa@semNulla.com
35884,IMY40LAP,Katelyn,Barton,Sister Bay,WA,felis.ullamcorper.viverra@iaculis.ca
35888,ROL26FBP,Astra,Vazquez,Fernley,WA,Nulla.tincidunt@eu.edu
36043,WNN71PEC,Indigo,Bartlett,Lake Forest,WA,purus.Duis.elementum@faucibus.com
36080,OGS25BKI,Kibo,Hampton,Green River,WA,ligula@fringillacursus.edu
36318,UIG69TBY,Finn,Wells,Jersey City,WA,interdum@aliquet.edu
36334,UBB17EVO,Camden,Nielsen,Burlingame,WA,sociis@liberoMorbi.org
36387,RRN32BVY,Amaya,Becker,South Bend,WA,Nulla.facilisi.Sed@imperdiet.org
36738,UHO96NYM,Ivana,Richardson,Sault Ste. Marie,WA,ac.mi@dis.com
36785,ERU71LHG,Sage,Williams,Thousand Oaks,WA,ac.facilisis@libero.org
36863,RON59BMC,Ryan,Lawrence,Port Arthur,WA,eleifend@fermentumvelmauris.ca
36963,BTP36ZAC,Murphy,Thornton,Kent,WA,elementum.purus.accumsan@Pellentesque.ca
37060,DKP15TCJ,Madonna,Holland,Lowell,WA,nisi.sem@mipedenonummy.edu
37247,NLP64MFC,Lane,Clarke,Omaha,WA,odio.Aliquam.vulputate@orcilacusvestibulum.com
37277,MYX03RKY,Roary,Young,Myrtle Beach,WA,eget.tincidunt@pellentesque.ca
37721,NNU24ZUG,Luke,Caldwell,Albany,WA,lorem.ut.aliquam@blanditNamnulla.org
37745,ISC30YYU,Elmo,Mayo,Pembroke Pines,WA,consequat.purus@enimSuspendisse.com
37842,GDC21CFK,Sybil,Parrish,Blythe,WA,Lorem.ipsum.dolor@estmollisnon.com
37922,MVC92DKT,Kelly,Chaney,Watervliet,WA,est.tempor.bibendum@nec.org
37972,EJD91YFV,Remedios,Mccarty,Tupelo,WA,vel.pede@nisisemsemper.com
38142,HZM63CKO,Adam,Salazar,Auburn Hills,WA,gravida.Aliquam@nec.edu
38202,YVG83TFL,Hedy,Brown,Sierra Vista,WA,Cras.sed@nibh.org
38229,PSB18YUM,Chancellor,Bernard,Alexandria,WA,nonummy.ultricies@Aenean.org
38360,VLD98XCX,August,Ashley,Gary,WA,consectetuer.euismod@Phasellus.com
38372,FML13AGX,Noel,Hopkins,Cedar Rapids,WA,euismod.ac.fermentum@torquent.edu
38373,NVQ03YAC,Kuame,Griffin,Davis,WA,Cum.sociis@diamloremauctor.org
38403,HPG08QPV,Unity,Barry,Vineland,WA,ultrices.Duis@dolordapibusgravida.ca
38404,YBF90EBW,Sylvia,Sheppard,Aliquippa,WA,dui@lacus.ca
38565,JKK30AFX,Xanthus,Sutton,Chula Vista,WA,eu@acnulla.edu
38626,BWH07GDX,Caleb,Burris,Duluth,WA,vitae.velit@faucibusorci.org
38647,UUB03KIT,Lawrence,Griffin,Suffolk,WA,nibh.enim@ettristiquepellentesque.edu
38653,JMN09BUQ,Catherine,Byers,Sierra Madre,WA,nec.urna.suscipit@leoCras.com
38891,NUK47KSR,Cyrus,Puckett,Boulder City,WA,Nulla.facilisis@arcu.com
39023,ZAC45KIY,Josiah,Mcclain,Commerce,WA,erat.vel@Duis.com
39058,WVL72QWH,Fleur,Quinn,Cudahy,WA,interdum.feugiat.Sed@nislarcuiaculis.ca
39069,ECJ86IMW,Jocelyn,Bush,Cary,WA,risus@mifringillami.com
39183,CYW59QXW,Aurelia,Valentine,Beloit,WA,blandit.viverra.Donec@purusgravidasagittis.com
39500,MXB42YTL,Martin,Waller,Ashland,WA,viverra@justonecante.ca
39566,GHM54VZJ,Wyoming,Pruitt,Duquesne,WA,gravida@nisimagna.com
39635,PFP70HQU,Ariel,Brady,Calumet City,WA,Sed.malesuada.augue@auctorvelit.edu
39674,XIU08GPF,Azalia,Cunningham,Ardmore,WA,amet.lorem.semper@eget.org
39702,AFU77TNR,Mona,Gilbert,Odessa,WA,euismod@malesuada.ca
39845,FMM18BQO,Ori,Rodgers,White Plains,WA,dolor@accumsanconvallisante.edu
40023,GGK22QEJ,Frances,Fisher,Tonawanda,WA,ornare@metus.com
40261,GVP75MHU,Samson,Bradford,Monterey Park,WA,neque.vitae.semper@Fuscediamnunc.com
40300,NOX06HXP,Cedric,Blankenship,Basin,WA,vestibulum.neque@elitpharetra.com
40351,WMJ87PYV,Arsenio,Bowers,Columbia,WA,orci@liberomaurisaliquam.com
40404,VZK88NSV,Brady,Crosby,Nashville,WA,pretium.aliquet@Mauris.com
40514,GTD34KNC,Flynn,Hawkins,Pomona,WA,Donec.vitae.erat@ante.edu
41150,VPA38NGB,Perry,Sullivan,Cortland,WA,nec.mauris.blandit@cursus.ca
41152,QXF18UNR,Lucas,Ayers,San Clemente,WA,at@elitpretiumet.com
41304,FCU58RLR,Carlos,Bartlett,Bartlesville,WA,metus.eu@Morbi.ca
41310,YGO64SWK,Lavinia,George,Westfield,WA,aliquet@Nullamlobortisquam.edu
41457,BNM59EJA,Vance,Warren,Long Beach,WA,Aenean@ornarelectusante.edu
41476,RHX75MER,Zephr,Colon,Stafford,WA,eu.nibh.vulputate@justo.com
41613,QPH58SBF,Kaden,Lowery,Pueblo,WA,dolor@ipsum.org
41698,RWY32RDD,Jolene,Bowen,Logan,WA,elit.erat@dolor.org
41799,XKF40HIQ,Garrett,Stewart,Los Angeles,WA,purus.accumsan@risusaultricies.com
42094,BAB75ISX,Shelley,Benton,Chester,WA,metus@odioa.edu
42199,MVL13SZW,Serena,Mcgee,Longview,WA,sed.pede@malesuada.ca
42228,GQZ87MGS,Aurora,Goodwin,Hagerstown,WA,fermentum.convallis.ligula@tortorInteger.ca
42252,BIE41XLI,Chastity,Mcmillan,Newport,WA,laoreet.posuere@Quisqueimperdieterat.edu
42269,AAZ73ZIR,Rowan,Reid,Clarksville,WA,Etiam.gravida.molestie@dictum.edu
42325,KHK18XBF,Basil,Christensen,San Mateo,WA,quis@augue.com
42353,GKC55DIT,Tallulah,Warren,Stamford,WA,in@sociisnatoque.org
42365,OZF40FLC,Silas,Grimes,Hazleton,WA,Vestibulum.ante@idrisusquis.ca
42383,KOK00RJH,Yvette,Castillo,Warwick,WA,lobortis@mattisornare.ca
42475,JAQ00RGL,Porter,Craft,College Park,WA,Pellentesque.ut@acturpis.com
42680,GLA89GDI,Quinn,Adams,Princeton,WA,vel@adipiscingligulaAenean.com
42733,DTP52OZT,Kimberly,Hunt,Corona,WA,Fusce.mollis.Duis@Vivamusnonlorem.com
42797,IST26BIB,Madaline,Spears,Spokane Valley,WA,arcu@vel.org
42927,TBA47WFF,Brock,Mueller,Plainfield,WA,nunc.sed.pede@mollis.ca
43053,XYP35YSQ,Cheyenne,King,Duarte,WA,enim.Etiam@mattisCras.com
43149,KCP57NPJ,Cooper,Keller,Oneonta,WA,eget.lacus@aliquamarcuAliquam.ca
43164,NPU30UKL,Harding,Coleman,Pomona,WA,mauris@tinciduntnuncac.com
43202,HZX01NBP,Eaton,Hardin,Idaho Falls,WA,consequat.lectus@vitaeorciPhasellus.com
43804,WTB07UPQ,Xaviera,Brown,Fairfax,WA,in.faucibus@tellusidnunc.com
43925,WEH13BJC,Hall,Alford,Attleboro,WA,ac.mattis@vitaediamProin.edu
44020,WRU01OAL,Martin,Shannon,Dickinson,WA,et.pede.Nunc@pede.com
44045,PJP59OTQ,Hannah,Shields,Juneau,WA,Curabitur.vel.lectus@egetnisidictum.edu
44070,PZI32KOS,Tate,Craig,Christiansted,WA,tincidunt.neque@urnaconvallis.ca
44244,GOR86WBG,Kasimir,Holman,Atwater,WA,euismod.in@acfermentum.com
44285,GEV26TZJ,Anthony,Mathis,Fajardo,WA,pede.et@insodales.edu
44670,RQG66FRO,Nell,Vance,Hackensack,WA,tellus.eu@arcu.edu
44797,NKG19TTD,Merritt,Gilliam,Appleton,WA,aliquam.arcu@Mauris.org
44846,RFX44YQK,Autumn,Salinas,Cruz Bay,WA,vulputate.velit@Suspendisse.edu
44910,ZJF58EVD,Christine,Tillman,Sault Ste. Marie,WA,enim.Etiam@PhasellusornareFusce.edu
45003,YQY08EYM,Brooke,Neal,North Chicago,WA,ultrices.a.auctor@posuereatvelit.ca
45029,SFE35NWQ,Donna,Fisher,Clarksville,WA,lobortis.ultrices@placerataugueSed.com
45141,INT10WTV,Marsden,Franco,Richmond,WA,arcu.Vestibulum@venenatisvelfaucibus.com
45190,FJF96KVH,Len,Schroeder,Beacon,WA,risus.Nunc.ac@vel.ca
45237,NSU93LFJ,Ann,Thornton,Chandler,WA,Sed.nec.metus@etnetus.org
45239,PFI79SWH,Price,Odom,Wilkes-Barre,WA,ipsum@Cumsociis.com
45248,FYF46IRJ,Allistair,Drake,New York,WA,lobortis.risus@Vivamusmolestiedapibus.com
45359,YGJ76DZS,Hayley,Nguyen,Joliet,WA,ut@aauctor.ca
45386,XTJ37HSI,Odysseus,Rivera,Christiansted,WA,lectus.justo@tinciduntadipiscing.ca
45464,ZNI07IEI,Chelsea,Vazquez,Rolling Hills Estates,WA,Sed@sitamet.org
45498,XBG70WIC,Ivy,Vaughn,McKeesport,WA,vulputate.dui.nec@tinciduntnunc.ca
45596,MMW15QVH,Baxter,Lawson,Chino,WA,Donec@varius.com
45825,CGE43KAD,Emerson,Leonard,Detroit,WA,dictum.Proin.eget@mi.ca
45837,BME42RDB,Judith,Roth,Scarborough,WA,viverra.Maecenas.iaculis@nondui.edu
45905,EHW40TZF,Sybill,Lynn,Glen Cove,WA,congue.elit.sed@atauctor.edu
46022,YLL27QRB,Harriet,Lang,Kennesaw,WA,gravida.Aliquam@consectetuermauris.com
46163,DAP74AMX,Kitra,Rocha,Lawrenceville,WA,magna.Nam.ligula@Praesenteu.edu
46419,YZK36SZS,Odysseus,Maldonado,College Park,WA,tortor.Nunc.commodo@semper.org
46468,ALJ01JGU,Kyra,Vaughn,Monterey Park,WA,mauris.rhoncus.id@vehiculaaliquetlibero.org
46530,QZF11EUY,Simon,Weaver,New Iberia,WA,est.mauris.rhoncus@natoquepenatibuset.ca
46684,JZO20KCO,Blake,Hyde,Grambling,WA,semper@erateget.org
46706,HJZ65EFO,Desiree,Shepard,Sunbury,WA,Sed@aliquet.org
46722,RTP38QSJ,Vivian,Hatfield,Syracuse,WA,consectetuer@interdumligula.ca
46869,JBA44ITD,Maia,Cline,Champaign,WA,Nam@magnaCras.edu
46880,KOI14KIU,Lacey,Fields,Durham,WA,at.pretium@pedeCras.com
46903,IBU74GWZ,Yvette,Randall,Shreveport,WA,nascetur@suscipit.ca
46983,ANF61KVS,Connor,Weiss,Bend,WA,quis.diam@actellusSuspendisse.edu
47056,LTE08QFN,Sydnee,Shepard,Westminster,WA,vulputate.eu@consequat.com
47074,VJX57TZA,Lacey,Potts,Kingston,WA,Nulla.facilisi.Sed@vehicula.org
47126,BIO86NZO,Steel,Horn,Jonesboro,WA,sit@Suspendissenon.ca
47160,DTJ89VNI,Yvonne,Byers,Villa Park,WA,in@egestas.edu
47422,YDB43BZM,Reed,Hanson,Ypsilanti,WA,risus.at@eleifend.edu
47527,ZNR03PJW,Rudyard,Williams,Dallas,WA,Integer.aliquam@blanditenimconsequat.com
47674,OMA18FTH,Oprah,Barrera,Beloit,WA,Suspendisse.tristique@Donecconsectetuermauris.ca
47761,ZHY47KVJ,Jacob,Curry,San Jose,WA,malesuada.fames@tellusAenean.edu
48093,JGF14TFV,Mariko,Scott,Ogden,WA,mauris@diamluctuslobortis.edu
48131,QBC42UOZ,Whilemina,Stevens,Bowie,WA,tempus.lorem.fringilla@nonummyFuscefermentum.com
48191,YSA26WAR,Lesley,Walton,Cary,WA,Nam@Quisque.ca
48348,JUL47JJC,Lucian,Wilson,Santa Rosa,WA,iaculis.enim.sit@congueelit.org
48444,HKZ03WPA,Upton,Levy,Kona,WA,Suspendisse.sed@eleifendnon.com
48462,OMY10ZGE,Meghan,Mclaughlin,Redondo Beach,WA,erat.in@tortor.edu
48707,CYB18DGH,Sara,Kirkland,Klamath Falls,WA,mollis.Duis@acturpisegestas.edu
48711,CWQ62CSH,Tyler,Romero,El Paso,WA,gravida@justo.com
48768,UAV75MUJ,Brittany,Manning,Fairmont,WA,odio@ut.ca
48879,CQU33MDM,Erich,Osborn,Logan,WA,blandit@pedePraesenteu.com
48920,CSF55GJF,Mannix,Miranda,Abilene,WA,Maecenas.mi.felis@Nullaeuneque.ca
49011,SUH78WSP,Jada,Rutledge,Slidell,WA,tellus@quisarcuvel.org
49121,DSG11YQT,Lewis,Duffy,Helena,WA,nec@lobortisrisusIn.com
49155,HRC18VLG,Britanni,Burch,Raleigh,WA,laoreet@tellusAenean.ca
49211,XCG05AJT,Kylie,Mann,Cypress,WA,et.rutrum@viverraMaecenasiaculis.org
49463,HTO14ISU,Lance,Salas,Woodruff,WA,Aliquam.tincidunt.nunc@metusInnec.edu
49498,UVH81ZYU,Kaitlin,Hansen,Yuma,WA,nibh.dolor.nonummy@tellusAenean.ca
49579,DNR81TBJ,Kristen,Fowler,Darlington,WA,amet.nulla.Donec@nuncac.org
49642,CJX87KYE,Nell,Burt,Malibu,WA,et.eros.Proin@eratneque.org
49653,CLC47TDA,Burke,Glass,Plantation,WA,semper.erat@egetvariusultrices.com
49696,UTX71ELY,Maryam,Mcdowell,Indio,WA,nulla.magna@ategestasa.org
49703,LVA04KAK,Lillith,Murphy,El Paso,WA,dolor.sit.amet@Fuscefeugiat.com
49840,RGB07UNK,Aretha,Blankenship,Orem,WA,velit@massa.com
49902,NQP63BLI,Amber,Burris,Cudahy,WA,porttitor.scelerisque@venenatislacus.org
49904,UZY54BCC,Dominic,Bolton,Port Washington,WA,sagittis.semper@iaculis.com
